date,collected_at,category,region,newspaper,headline,url,source_url,status,error_message,topic
2026-07-23,2026-07-23T08:09:14.130364+09:00,全国紙,全国,読売新聞,,,,skipped,robots.txtが一般クローラー/AI系UAを名指しで包括的にDisallow。2024年1月のToS改定で自動収集・生成AI学習目的の収集を明示的に禁止しているため、自動取得の対象外とする。,
2026-07-23,2026-07-23T08:09:14.130364+09:00,全国紙,全国,朝日新聞,ウィシュマさんと家族の「ダキシメルオモイ」 妹に支援者ら絵を贈る,http://www.asahi.com/articles/ASV7Q3JS8V7QOIPE01FM.html,https://www.asahi.com/rss/asahi/newsheadlines.rdf,ok,,
2026-07-23,2026-07-23T08:09:14.130364+09:00,全国紙,全国,朝日新聞,ネット中傷、投稿者特定の申し立てが1万件超 22年に導入後初めて,http://www.asahi.com/articles/ASV7K0HRFV7KUTIL021M.html,https://www.asahi.com/rss/asahi/newsheadlines.rdf,ok,,
2026-07-23,2026-07-23T08:09:14.130364+09:00,全国紙,全国,朝日新聞,捜査員が追いかけた1100キロ16時間 「白トラ」摘発の舞台裏,http://www.asahi.com/articles/ASV7Q5175V7QUTIL02LM.html,https://www.asahi.com/rss/asahi/newsheadlines.rdf,ok,,
2026-07-23,2026-07-23T08:09:14.130364+09:00,全国紙,全国,朝日新聞,下関→豊洲「白トラ」にヒラメ輸送を委託か 法改正後初の荷主検挙へ,http://www.asahi.com/articles/ASV7Q4VCJV7QUTIL01XM.html,https://www.asahi.com/rss/asahi/newsheadlines.rdf,ok,,
2026-07-23,2026-07-23T08:09:14.130364+09:00,全国紙,全国,朝日新聞,警官が発砲し命中、21歳男を逮捕 刃物突きつけた疑い 熊本・合志,http://www.asahi.com/articles/ASV7Q4VSKV7QTIPE018M.html,https://www.asahi.com/rss/asahi/newsheadlines.rdf,ok,,
2026-07-23,2026-07-23T08:09:14.130364+09:00,全国紙,全国,朝日新聞,21歳の男性が川で溺死 付近では6月にも高校生溺れる 福岡・八女,http://www.asahi.com/articles/ASV7Q3JHPV7QTIPE012M.html,https://www.asahi.com/rss/asahi/newsheadlines.rdf,ok,,
2026-07-23,2026-07-23T08:09:14.130364+09:00,全国紙,全国,朝日新聞,熱中症の搬送が急増、1日の救急出場件数が過去最多に 東京消防庁,http://www.asahi.com/articles/ASV7Q0VMYV7QUTIL00LM.html,https://www.asahi.com/rss/asahi/newsheadlines.rdf,ok,,
2026-07-23,2026-07-23T08:09:14.130364+09:00,全国紙,全国,朝日新聞,日本製鉄元社員ら詐欺容疑で逮捕 架空発注でキックバック繰り返す?,http://www.asahi.com/articles/ASV7Q327XV7QTIPE00TM.html,https://www.asahi.com/rss/asahi/newsheadlines.rdf,ok,,
2026-07-23,2026-07-23T08:09:14.130364+09:00,全国紙,全国,朝日新聞,「北海道の海鮮市場」うたい...客にうその説明した詐欺の疑いで再逮捕,http://www.asahi.com/articles/ASV7Q35L4V7QIIPE00JM.html,https://www.asahi.com/rss/asahi/newsheadlines.rdf,ok,,
2026-07-23,2026-07-23T08:09:14.130364+09:00,全国紙,全国,朝日新聞,福岡県議会の海外視察費、なぜ6.7倍に? 「脱法行為」住民が提訴,http://www.asahi.com/articles/ASV7Q2T80V7QTIPE010M.html,https://www.asahi.com/rss/asahi/newsheadlines.rdf,ok,,
2026-07-23,2026-07-23T08:09:14.130364+09:00,全国紙,全国,朝日新聞,安青錦が大関復帰へ 名古屋場所で特例満たす10勝目「今日は特別」,http://www.asahi.com/articles/ASV7Q4166V7QUTQP00RM.html,https://www.asahi.com/rss/asahi/newsheadlines.rdf,ok,,
2026-07-23,2026-07-23T08:09:14.130364+09:00,全国紙,全国,朝日新聞,DeNA藤浪晋太郎が4年ぶりの甲子園 古巣相手に1失点の力投,http://www.asahi.com/articles/ASV7Q32S7V7QPTQP00MM.html,https://www.asahi.com/rss/asahi/newsheadlines.rdf,ok,,
2026-07-23,2026-07-23T08:09:14.130364+09:00,全国紙,全国,朝日新聞,猛暑でプロ野球2軍戦が中止 体調不良者が相次ぎ、続行困難に,http://www.asahi.com/articles/ASV7Q2VHGV7QUTQP01JM.html,https://www.asahi.com/rss/asahi/newsheadlines.rdf,ok,,
2026-07-23,2026-07-23T08:09:14.130364+09:00,全国紙,全国,朝日新聞,サッカーW杯、誹謗中傷700万件以上、前回から14倍 殺害予告も,http://www.asahi.com/articles/ASV7N4JM3V7NUTQP005M.html,https://www.asahi.com/rss/asahi/newsheadlines.rdf,ok,,
2026-07-23,2026-07-23T08:09:14.130364+09:00,全国紙,全国,朝日新聞,サッカーW杯決勝、世帯視聴率は関東22.1%、関西17%,http://www.asahi.com/articles/ASV7P13KDV7PUCVL00MM.html,https://www.asahi.com/rss/asahi/newsheadlines.rdf,ok,,
2026-07-23,2026-07-23T08:09:14.130364+09:00,全国紙,全国,朝日新聞,AI電力需要増も送電網の容量に課題 東京ガスが見いだす商機は?,http://www.asahi.com/articles/ASV7Q2Q09V7QULFA01RM.html,https://www.asahi.com/rss/asahi/newsheadlines.rdf,ok,,
2026-07-23,2026-07-23T08:09:14.130364+09:00,全国紙,全国,朝日新聞,ワコール、ブラ技術で自動車分野に参入 社長「下着にこだわらない」,http://www.asahi.com/articles/ASV7K1VD8V7KPLFA002M.html,https://www.asahi.com/rss/asahi/newsheadlines.rdf,ok,,
2026-07-23,2026-07-23T08:09:14.130364+09:00,全国紙,全国,朝日新聞,オープンAIの開発中モデル、勝手にサイバー攻撃 試験の高得点狙う,http://www.asahi.com/articles/ASV7Q2TF0V7QUHBI00WM.html,https://www.asahi.com/rss/asahi/newsheadlines.rdf,ok,,
2026-07-23,2026-07-23T08:09:14.130364+09:00,全国紙,全国,朝日新聞,山陽新幹線のこだまが「山陽ブルー」に JR西、今冬から外観を刷新,http://www.asahi.com/articles/ASV7Q2V5CV7QPLFA008M.html,https://www.asahi.com/rss/asahi/newsheadlines.rdf,ok,,
2026-07-23,2026-07-23T08:09:14.130364+09:00,全国紙,全国,朝日新聞,円が下落、39年半ぶり163円台 財務相「必要なら断固たる措置」,http://www.asahi.com/articles/ASV7Q2JKMV7QULFA019M.html,https://www.asahi.com/rss/asahi/newsheadlines.rdf,ok,,
2026-07-23,2026-07-23T08:09:14.130364+09:00,全国紙,全国,朝日新聞,官僚に居留守された県幹部 リニア工事で確執も、「感無量」の締結式,http://www.asahi.com/articles/ASV7N7X2KV7NUTPB011M.html,https://www.asahi.com/rss/asahi/newsheadlines.rdf,ok,,
2026-07-23,2026-07-23T08:09:14.130364+09:00,全国紙,全国,朝日新聞,「国旗」をめぐる複雑な思い 損壊処罰法を機に世論調査で振り返ると,http://www.asahi.com/articles/ASV7P1H6RV7PUZPS001M.html,https://www.asahi.com/rss/asahi/newsheadlines.rdf,ok,,
2026-07-23,2026-07-23T08:09:14.130364+09:00,全国紙,全国,朝日新聞,中道・小川代表、内閣不信任案提出の是非「考えなければいけない」,http://www.asahi.com/articles/ASV7Q3FXMV7QUTFK00FM.html,https://www.asahi.com/rss/asahi/newsheadlines.rdf,ok,,
2026-07-23,2026-07-23T08:09:14.130364+09:00,全国紙,全国,朝日新聞,「悪手だ」突き放す自民幹部 中傷動画めぐる首相の「陳述書」提出,http://www.asahi.com/articles/ASV7Q3SDPV7QUTFK005M.html,https://www.asahi.com/rss/asahi/newsheadlines.rdf,ok,,
2026-07-23,2026-07-23T08:09:14.130364+09:00,全国紙,全国,朝日新聞,政府、国家情報局を31日に設置へ 国家情報会議の初会合も調整,http://www.asahi.com/articles/ASV7Q3SH8V7QUTFK016M.html,https://www.asahi.com/rss/asahi/newsheadlines.rdf,ok,,
2026-07-23,2026-07-23T08:09:14.130364+09:00,全国紙,全国,朝日新聞,青→緑→灰 首都の人工池は政治色 トランプ氏が「美化計画」で激怒,http://www.asahi.com/articles/ASV7N4Q0VV7NUHBI00BM.html,https://www.asahi.com/rss/asahi/newsheadlines.rdf,ok,,
2026-07-23,2026-07-23T08:09:14.130364+09:00,全国紙,全国,朝日新聞,フランスの6月猛暑、半月で5700人超死亡 高齢者に深刻な影響,http://www.asahi.com/articles/ASV7Q669KV7QUHBI01PM.html,https://www.asahi.com/rss/asahi/newsheadlines.rdf,ok,,
2026-07-23,2026-07-23T08:09:14.130364+09:00,全国紙,全国,朝日新聞,イスラエル首相の拘束「市に権限なし」と結論 マムダニNY市長,http://www.asahi.com/articles/ASV7Q54QVV7QUHBI01FM.html,https://www.asahi.com/rss/asahi/newsheadlines.rdf,ok,,
2026-07-23,2026-07-23T08:09:14.130364+09:00,全国紙,全国,朝日新聞,中国外相、フィリピン外相と2年ぶり会談 連携深める日本を牽制か,http://www.asahi.com/articles/ASV7Q45PBV7QUHBI00XM.html,https://www.asahi.com/rss/asahi/newsheadlines.rdf,ok,,
2026-07-23,2026-07-23T08:09:14.130364+09:00,全国紙,全国,朝日新聞,日本拠点の海兵隊と揚陸艦が沖縄帰還 イラン情勢で緊迫する中東から,http://www.asahi.com/articles/ASV7Q3TKPV7QTIPE015M.html,https://www.asahi.com/rss/asahi/newsheadlines.rdf,ok,,
2026-07-23,2026-07-23T08:09:14.130364+09:00,全国紙,全国,朝日新聞,「好奇心、そして優しさ」「同い年、ショック」 山田五郎さん悼む声,http://www.asahi.com/articles/ASV7Q2SPWV7QUCVL02JM.html,https://www.asahi.com/rss/asahi/newsheadlines.rdf,ok,,
2026-07-23,2026-07-23T08:09:14.130364+09:00,全国紙,全国,朝日新聞,山田五郎さんへ「さよなら親友」 みうらじゅんさんが追悼メッセージ,http://www.asahi.com/articles/ASV7Q2SD9V7QUCVL02DM.html,https://www.asahi.com/rss/asahi/newsheadlines.rdf,ok,,
2026-07-23,2026-07-23T08:09:14.130364+09:00,全国紙,全国,朝日新聞,映画「開戦前夜」上映や配信差し止めを請求 NHKなど提訴の原告,http://www.asahi.com/articles/ASV7Q22Z0V7QUCVL01RM.html,https://www.asahi.com/rss/asahi/newsheadlines.rdf,ok,,
2026-07-23,2026-07-23T08:09:14.130364+09:00,全国紙,全国,朝日新聞,パリコレ日本勢、評価は前衛性のみならず ベテランから新進まで躍動,http://www.asahi.com/articles/ASV7K12FLV7KUCVL03TM.html,https://www.asahi.com/rss/asahi/newsheadlines.rdf,ok,,
2026-07-23,2026-07-23T08:09:14.130364+09:00,全国紙,全国,朝日新聞,小学生が量子力学?児童64人の学校で きっかけは郷土の偉大な先輩,http://www.asahi.com/articles/ASV7P20SFV7PUTFL00CM.html,https://www.asahi.com/rss/asahi/newsheadlines.rdf,ok,,
2026-07-23,2026-07-23T08:09:14.130364+09:00,全国紙,全国,朝日新聞,SNSの利用「自分では止められない」 規制めぐり中高生と意見交換,http://www.asahi.com/articles/ASV7Q3D3NV7QUTFL00RM.html,https://www.asahi.com/rss/asahi/newsheadlines.rdf,ok,,
2026-07-23,2026-07-23T08:09:14.130364+09:00,全国紙,全国,朝日新聞,難題解く中枢とされていた脳領域、実験してみると逆に活動低下 阪大,http://www.asahi.com/articles/ASV7P7XHYV7PUTFL014M.html,https://www.asahi.com/rss/asahi/newsheadlines.rdf,ok,,
2026-07-23,2026-07-23T08:09:14.130364+09:00,全国紙,全国,朝日新聞,山田五郎さん死去、67歳 西洋美術の魅力を紹介 「アド街」出演,http://www.asahi.com/articles/ASV7P4TS7V7PUCVL045M.html,https://www.asahi.com/rss/asahi/newsheadlines.rdf,ok,,
2026-07-23,2026-07-23T08:09:14.130364+09:00,全国紙,全国,朝日新聞,「おしん」「はね駒」のプロデューサー小林由紀子さん死去、 86歳,http://www.asahi.com/articles/ASV7P21M2V7PUCVL01VM.html,https://www.asahi.com/rss/asahi/newsheadlines.rdf,ok,,
2026-07-23,2026-07-23T08:09:14.130364+09:00,全国紙,全国,朝日新聞,「ぼくのミックスジュース」作曲の渋谷毅さん死去 ジャズピアニスト,http://www.asahi.com/articles/ASV7K43PZV7KUCVL03YM.html,https://www.asahi.com/rss/asahi/newsheadlines.rdf,ok,,
2026-07-23,2026-07-23T08:09:14.130364+09:00,全国紙,全国,毎日新聞,やまゆり園事件10年:露呈した戦後日本社会の「人間観の空白」 やまゆり園事件の深層,https://mainichi.jp/articles/20260722/k00/00m/040/127000c,https://mainichi.jp/rss/etc/mainichi-flash.rss,ok,,
2026-07-23,2026-07-23T08:09:14.130364+09:00,全国紙,全国,毎日新聞,「乱歩の世界に浸って」 近鉄がゆかりの地巡る日帰り旅行企画,https://mainichi.jp/articles/20260721/k00/00m/040/133000c,https://mainichi.jp/rss/etc/mainichi-flash.rss,ok,,
2026-07-23,2026-07-23T08:09:14.130364+09:00,全国紙,全国,毎日新聞,最大14種ビール飲み比べ ヤッホーブルーイング大阪醸造所開業,https://mainichi.jp/articles/20260721/k00/00m/020/242000c,https://mainichi.jp/rss/etc/mainichi-flash.rss,ok,,
2026-07-23,2026-07-23T08:09:14.130364+09:00,全国紙,全国,毎日新聞,物価考:スーパーも驚く卸業者の提案 令和の米騒動、変わる値段の舞台裏,https://mainichi.jp/articles/20260722/k00/00m/020/324000c,https://mainichi.jp/rss/etc/mainichi-flash.rss,ok,,
2026-07-23,2026-07-23T08:09:14.130364+09:00,全国紙,全国,毎日新聞,「ひさやま方式」健診事業で国内外から注目の町、学童健診も開始,https://mainichi.jp/articles/20260722/k00/00m/100/237000c,https://mainichi.jp/rss/etc/mainichi-flash.rss,ok,,
2026-07-23,2026-07-23T08:09:14.130364+09:00,全国紙,全国,毎日新聞,英国で初のAI担当相 バーナム新政権、米企業依存の低減目指す,https://mainichi.jp/articles/20260723/k00/00m/030/004000c,https://mainichi.jp/rss/etc/mainichi-flash.rss,ok,,
2026-07-23,2026-07-23T08:09:14.130364+09:00,全国紙,全国,毎日新聞,盗撮事件で広がった教員のスマホ規制 公用支給でも解決しない問題,https://mainichi.jp/articles/20260722/k00/00m/040/157000c,https://mainichi.jp/rss/etc/mainichi-flash.rss,ok,,
2026-07-23,2026-07-23T08:09:14.130364+09:00,全国紙,全国,毎日新聞,テラ・クライシス:13兆円が流出 中国依存レアアース「16年前の過ち」生かせるか,https://mainichi.jp/articles/20260714/k00/00m/040/382000c,https://mainichi.jp/rss/etc/mainichi-flash.rss,ok,,
2026-07-23,2026-07-23T08:09:14.130364+09:00,全国紙,全国,毎日新聞,段々畑1000年の物語 自然と共に生きる南予をミュージカルで,https://mainichi.jp/articles/20260721/k00/00m/200/122000c,https://mainichi.jp/rss/etc/mainichi-flash.rss,ok,,
2026-07-23,2026-07-23T08:09:14.130364+09:00,全国紙,全国,毎日新聞,目標額達したのに未入金 ローカル鉄道を襲った二つの「まさか」,https://mainichi.jp/articles/20260721/k00/00m/040/187000c,https://mainichi.jp/rss/etc/mainichi-flash.rss,ok,,
2026-07-23,2026-07-23T08:09:14.130364+09:00,全国紙,全国,毎日新聞,5000人超の厚意が台無し 鉄道、ゲームCFで未入金トラブル,https://mainichi.jp/articles/20260721/k00/00m/040/188000c,https://mainichi.jp/rss/etc/mainichi-flash.rss,ok,,
2026-07-23,2026-07-23T08:09:14.130364+09:00,全国紙,全国,毎日新聞,阪神・近本光司が復帰後初の3安打 5カード連続勝ち越しに貢献,https://mainichi.jp/articles/20260722/k00/00m/050/361000c,https://mainichi.jp/rss/etc/mainichi-flash.rss,ok,,
2026-07-23,2026-07-23T08:09:14.130364+09:00,全国紙,全国,毎日新聞,4日半でようやく鎮火 韓国EC大手「クーパン」の物流センター,https://mainichi.jp/articles/20260722/k00/00m/030/360000c,https://mainichi.jp/rss/etc/mainichi-flash.rss,ok,,
2026-07-23,2026-07-23T08:09:14.130364+09:00,全国紙,全国,毎日新聞,「気遣いする先輩」 いとうせいこうさんらが山田五郎さんを追悼,https://mainichi.jp/articles/20260722/k00/00m/200/350000c,https://mainichi.jp/rss/etc/mainichi-flash.rss,ok,,
2026-07-23,2026-07-23T08:09:14.130364+09:00,全国紙,全国,毎日新聞,信頼性高いニュース記事で「共存の道」 ソフトバンクAI情報基盤,https://mainichi.jp/articles/20260722/k00/00m/020/341000c,https://mainichi.jp/rss/etc/mainichi-flash.rss,ok,,
2026-07-23,2026-07-23T08:09:14.130364+09:00,全国紙,全国,毎日新聞,考えすぎず、探りにいかず ソフトバンク強力打線の「好球必打」,https://mainichi.jp/articles/20260722/k00/00m/050/342000c,https://mainichi.jp/rss/etc/mainichi-flash.rss,ok,,
2026-07-23,2026-07-23T08:09:14.130364+09:00,全国紙,全国,毎日新聞,「疑惑の解明ほど遠い」 野党から首相秘書の参考人招致求める声,https://mainichi.jp/articles/20260722/k00/00m/010/338000c,https://mainichi.jp/rss/etc/mainichi-flash.rss,ok,,
2026-07-23,2026-07-23T08:09:14.130364+09:00,全国紙,全国,毎日新聞,自動運転ベンチャーが初上場 ティアフォー、レベル4実用化へ,https://mainichi.jp/articles/20260722/k00/00m/020/340000c,https://mainichi.jp/rss/etc/mainichi-flash.rss,ok,,
2026-07-23,2026-07-23T08:09:14.130364+09:00,全国紙,全国,毎日新聞,中国外相、フィリピンとの会談で冗談も...南シナ海で米国と心理戦,https://mainichi.jp/articles/20260722/k00/00m/030/329000c,https://mainichi.jp/rss/etc/mainichi-flash.rss,ok,,
2026-07-23,2026-07-23T08:09:14.130364+09:00,全国紙,全国,毎日新聞,関脇・安青錦が10勝目、大関復帰を決める 大相撲名古屋場所,https://mainichi.jp/articles/20260722/k00/00m/050/337000c,https://mainichi.jp/rss/etc/mainichi-flash.rss,ok,,
2026-07-23,2026-07-23T08:09:14.130364+09:00,全国紙,全国,日本経済新聞,,,,skipped,公式無料RSSなし。著作権ページで自動収集を明確に禁止しているため、自動取得の対象外とする。,
2026-07-23,2026-07-23T08:09:14.130364+09:00,全国紙,全国,産経新聞,米東部州で誤って6600人を選挙人登録 トランプ氏「不正な選挙制度」と法案推進の姿勢,https://www.sankei.com/article/20260723-5BW7AAQXOJKBPB2DEF4EIXDG5A/,https://www.sankei.com/,ok,,
2026-07-23,2026-07-23T08:09:14.130364+09:00,全国紙,全国,産経新聞,政府が外国と疑われる不審アカウント把握 高市首相「選挙への影...,https://www.sankei.com/article/20260318-U6PW4754BNE3XKFYBTQWPKM65A/,https://www.sankei.com/,ok,,
2026-07-23,2026-07-23T08:09:14.130364+09:00,全国紙,全国,産経新聞,衆院選で国会議員の部屋割り一変 小沢、岡田、安住氏ら自民に明...,https://www.sankei.com/article/20260304-C5JCVB743FEVZMNEAU76GY4VNQ/,https://www.sankei.com/,ok,,
2026-07-23,2026-07-23T08:09:14.130364+09:00,全国紙,全国,産経新聞,立正佼成会が衆院選で中道103人推薦 公明合流影響か 前回立...,https://www.sankei.com/article/20260303-EHLBLQ2BTRCSVGSJVFHI5TBX4U/,https://www.sankei.com/,ok,,
2026-07-23,2026-07-23T08:09:14.130364+09:00,全国紙,全国,産経新聞,中道落選者ヒアリングに170人 公明出身の比例名簿上位に不満...,https://www.sankei.com/article/20260228-EVZDJVSJZBANXN7Y4DVXWAX5RU/,https://www.sankei.com/,ok,,
2026-07-23,2026-07-23T08:09:14.130364+09:00,全国紙,全国,産経新聞,トランプ米大統領、イランの橋や発電所破壊警告 船舶攻撃に対抗 全面的な戦闘再燃に懸念,https://www.sankei.com/article/20260723-QGWDF5PSIFLHVDXTIIBJ6DHLRM/,https://www.sankei.com/,ok,,
2026-07-23,2026-07-23T08:09:14.130364+09:00,全国紙,全国,産経新聞,米富豪エプスタイン氏疑惑の女性「勧誘役」か 69歳男性の遺体、パリ郊外の自宅で発見,https://www.sankei.com/article/20260723-L2Y4ZKYOQZJVTLO2MPMISRVWF4/,https://www.sankei.com/,ok,,
2026-07-23,2026-07-23T08:09:14.130364+09:00,全国紙,全国,産経新聞,日フィリピン、深まる「準同盟」 中国の脅威に対抗、経済安保も連携 国交正常化70年,https://www.sankei.com/article/20260723-MCAXFDCDO5I5ZMKS2PGFJTA5M4/,https://www.sankei.com/,ok,,
2026-07-23,2026-07-23T08:09:14.130364+09:00,全国紙,全国,産経新聞,芸人で東大生のさんきゅう倉田さんが語る2畳の部屋での一人暮らし 布団も満足に敷けず,https://www.sankei.com/article/20260723-SAP4SNQC3NJDXH4WBDUTV6ZSYE/,https://www.sankei.com/,ok,,
2026-07-23,2026-07-23T08:09:14.130364+09:00,全国紙,全国,産経新聞,高市首相、危機感の背景に旧民主党の「日の丸軽視」 世論は賛成が多く 阿比留瑠比,https://www.sankei.com/article/20260723-TTGPV7UVZVNK3AA32HLWN273HM/,https://www.sankei.com/,ok,,
2026-07-23,2026-07-23T08:09:14.130364+09:00,全国紙,全国,産経新聞,セブン、人気キャラ商品の不正転売横行か 発売前に取り置いて出品 全国加盟店に警告,https://www.sankei.com/article/20260723-WN2KBU7I2NOL5GIOWYMNGJJGDU/,https://www.sankei.com/,ok,,
2026-07-23,2026-07-23T08:09:14.130364+09:00,全国紙,全国,産経新聞,中央アジアに根付く「一村一品」運動 外交の先駆者・日本が今は欧米の後塵拝する,https://www.sankei.com/article/20260723-3K33RLVCUVMNNFP7TJJZJKHHXU/,https://www.sankei.com/,ok,,
2026-07-23,2026-07-23T08:09:14.130364+09:00,全国紙,全国,産経新聞,<主張>議員の渡航不許可 外交を政争の具にするな,https://www.sankei.com/article/20260723-IB7VKQGSSNMXXE6YUXN5GW5WQ4/,https://www.sankei.com/,ok,,
2026-07-23,2026-07-23T08:09:14.130364+09:00,全国紙,全国,産経新聞,共産と一緒は見え方がちょっと...中道、内閣不信任決議案巡り苦悩 単独提出に3議席足りず,https://www.sankei.com/article/20260722-E73DD5Z6JZIPVJZIJMLD5S43ZE/,https://www.sankei.com/,ok,,
2026-07-23,2026-07-23T08:09:14.130364+09:00,全国紙,全国,産経新聞,ルビオ氏と王毅氏、ASEAN外相と相次ぎ会談...協調アピール 米中が懸命に取り込み,https://www.sankei.com/article/20260722-2RKGJ2LUTJIDRAFUXQZZ2VO65M/,https://www.sankei.com/,ok,,
2026-07-23,2026-07-23T08:09:14.130364+09:00,全国紙,全国,産経新聞,「先が見えない不安」 ナイツの二人が笑いとともに解き明かす,https://www.sankei.com/article/20260701-4B3OCPTCUNHVNH65K4BDRKVNOQ/,https://www.sankei.com/,ok,,
2026-07-23,2026-07-23T08:09:14.130364+09:00,全国紙,全国,産経新聞,「AIが駆動する人事3.0:採用・育成・タレントマネジメントの戦略的シフト」8月5日...,https://www.sankei.com/article/20260701-7TY77265CVCN5LQS464VQVIRPI/,https://www.sankei.com/,ok,,
2026-07-23,2026-07-23T08:09:14.130364+09:00,全国紙,全国,産経新聞,カミキリ、キョン...特定外来生物を防除せよ,https://www.sankei.com/article/20260723-H2U55HFD4JOT3GPIYDDDRPAEYI/,https://www.sankei.com/,ok,,
2026-07-23,2026-07-23T08:09:14.130364+09:00,全国紙,全国,産経新聞,米グーグル純利益18兆円 投資利益増大で4倍,https://www.sankei.com/article/20260723-7DG47TKWBJJA3MLZ4GACOUN3MU/,https://www.sankei.com/,ok,,
2026-07-23,2026-07-23T08:09:14.130364+09:00,全国紙,全国,産経新聞,ベネズエラのマドゥロ大統領2027年6月初公判,https://www.sankei.com/article/20260723-GQ26GZRTCRLSTP5M47WGIC6WSY/,https://www.sankei.com/,ok,,
2026-07-23,2026-07-23T08:09:14.130364+09:00,全国紙,全国,東京新聞,植松聖死刑囚はなぜ独善的な考えに傾倒していったのか...事件を追い続けたライター・渡辺一史さんの視点は,https://www.tokyo-np.co.jp/article/502951,https://www.tokyo-np.co.jp/,ok,,
2026-07-23,2026-07-23T08:09:14.130364+09:00,全国紙,全国,東京新聞,夏に子どもの間で流行「手足口病」が35都府県で警報レベルの広がり...専門家が説く「予防のポイント」は,https://www.tokyo-np.co.jp/article/503027,https://www.tokyo-np.co.jp/,ok,,
2026-07-23,2026-07-23T08:09:14.130364+09:00,全国紙,全国,東京新聞,短編の名手・阿刀田高さんが「最後の小説集」 創作の原点、「AI時代だからこそ」書く意義を語る,https://www.tokyo-np.co.jp/article/501112,https://www.tokyo-np.co.jp/,ok,,
2026-07-23,2026-07-23T08:09:14.130364+09:00,全国紙,全国,東京新聞,水上バイクが転覆、衝突...「重大事故」相次ぐ 規制の実態は「制限速度なし」「罰則は限定的」,https://www.tokyo-np.co.jp/article/503028,https://www.tokyo-np.co.jp/,ok,,
2026-07-23,2026-07-23T08:09:14.130364+09:00,全国紙,全国,東京新聞,東京離れて驚きの発見〈コラム 熱風涼風〉望海風斗,https://www.tokyo-np.co.jp/article/503093,https://www.tokyo-np.co.jp/,ok,,
2026-07-23,2026-07-23T08:09:14.130364+09:00,全国紙,全国,東京新聞,「副首都」法案が参院で審議入り 「国会の私物化」と野党は反対姿勢...日程綱渡りで与党は多数派工作に必死,https://www.tokyo-np.co.jp/article/503023,https://www.tokyo-np.co.jp/,ok,,
2026-07-23,2026-07-23T08:09:14.130364+09:00,全国紙,全国,東京新聞,入管で亡くなったウィシュマさん訴訟結審...「一日たりとも姉のことを思わない日はない」妹が法廷で涙の訴え,https://www.tokyo-np.co.jp/article/502998,https://www.tokyo-np.co.jp/,ok,,
2026-07-23,2026-07-23T08:09:14.130364+09:00,全国紙,全国,東京新聞,〈コラム 筆洗〉皇帝ナポレオンは3時間しか寝なかった-。受験期に自分にそう...,https://www.tokyo-np.co.jp/article/503072,https://www.tokyo-np.co.jp/,ok,,
2026-07-23,2026-07-23T08:09:14.130364+09:00,全国紙,全国,東京新聞,高市内閣の支持率が急落、発足以来初の5割を切る動き...識者が指摘する「若い世代の支持離れ」を招いたワケ,https://www.tokyo-np.co.jp/article/502991,https://www.tokyo-np.co.jp/,ok,,
2026-07-23,2026-07-23T08:09:14.130364+09:00,全国紙,全国,東京新聞,アジア・アジアパラ大会は「日韓協力」に貢献する? 日本と韓国の専門家たちが語り合った「可能性」,https://www.tokyo-np.co.jp/article/499190,https://www.tokyo-np.co.jp/,ok,,
2026-07-23,2026-07-23T08:09:14.130364+09:00,全国紙,全国,東京新聞,「記憶ない」高市首相が秘書の陳述書を提出 他候補への「中傷動画」投稿への関与を重ねて否定,https://www.tokyo-np.co.jp/article/503022,https://www.tokyo-np.co.jp/,ok,,
2026-07-23,2026-07-23T08:09:14.130364+09:00,全国紙,全国,東京新聞,ロシアとの和平交渉再開を協議か 米特使と電話会談,https://www.tokyo-np.co.jp/article/503054,https://www.tokyo-np.co.jp/,ok,,
2026-07-23,2026-07-23T08:09:14.130364+09:00,全国紙,全国,東京新聞,【独自】セブン、不正転売横行か 人気キャラ商品発売前,https://www.tokyo-np.co.jp/article/503057,https://www.tokyo-np.co.jp/,ok,,
2026-07-23,2026-07-23T08:09:14.130364+09:00,全国紙,全国,東京新聞,【独自】「海峡通過権」重要と指摘 ホルムズ念頭、解決求める,https://www.tokyo-np.co.jp/article/503056,https://www.tokyo-np.co.jp/,ok,,
2026-07-23,2026-07-23T08:09:14.130364+09:00,全国紙,全国,東京新聞,米、橋や発電所破壊警告 イラン船舶攻撃に対抗,https://www.tokyo-np.co.jp/article/503053,https://www.tokyo-np.co.jp/,ok,,
2026-07-23,2026-07-23T08:09:14.130364+09:00,全国紙,全国,東京新聞,「トゥンクトゥンク」手話でどう伝える? 2027年国際園芸博のマスコット広めようとお披露目〈動画〉,https://www.tokyo-np.co.jp/article/502969,https://www.tokyo-np.co.jp/,ok,,
2026-07-23,2026-07-23T08:09:14.130364+09:00,全国紙,全国,東京新聞,〈動画〉望月衣塑子が行く 高市政権の「終わりの始まり」? 支持率下落で痛烈批判...立憲・水岡代表,https://www.tokyo-np.co.jp/article/502700,https://www.tokyo-np.co.jp/,ok,,
2026-07-23,2026-07-23T08:09:14.130364+09:00,全国紙,全国,東京新聞,〈動画あり〉れいわ新選組の代表選挙が始まる 山本譲司氏、阪口直人氏、石井礼子氏が立候補 結果判明は7月31日夜,https://www.tokyo-np.co.jp/article/502044,https://www.tokyo-np.co.jp/,ok,,
2026-07-23,2026-07-23T08:09:14.130364+09:00,全国紙,全国,東京新聞,水耕栽培では難しい...それでも「まちだシルクメロン」を生み出した、中小企業の技術力と執念,https://www.tokyo-np.co.jp/article/501788,https://www.tokyo-np.co.jp/,ok,,
2026-07-23,2026-07-23T08:09:14.130364+09:00,全国紙,全国,東京新聞,〈東京新聞 鉄道クラブ〉映えるホッパー棟,https://www.tokyo-np.co.jp/article/502472,https://www.tokyo-np.co.jp/,ok,,
2026-07-23,2026-07-23T08:09:14.130364+09:00,全国紙,全国,中日新聞,「ダブル高気圧」東海地方の猛暑に拍車 伊吹山地でフェーン現象発生の可能性も,https://www.chunichi.co.jp/article/1284849,https://www.chunichi.co.jp/,ok,,
2026-07-23,2026-07-23T08:09:14.130364+09:00,全国紙,全国,中日新聞,ウィシュマさん妹「入管の責任認めて」 国賠結審、弁護団は収容期限の仕組み見直し訴え,https://www.chunichi.co.jp/article/1285180,https://www.chunichi.co.jp/,ok,,
2026-07-23,2026-07-23T08:09:14.130364+09:00,全国紙,全国,中日新聞,女性用トイレの室数を男性以上に 行列問題改善へ多治見市が新指針,https://www.chunichi.co.jp/article/1285087,https://www.chunichi.co.jp/,ok,,
2026-07-23,2026-07-23T08:09:14.130364+09:00,全国紙,全国,中日新聞,袴田ひで子さんらが愛知県立大で講演 「捜査手続きは無法地帯、今も変わらず」,https://www.chunichi.co.jp/article/1285019,https://www.chunichi.co.jp/,ok,,
2026-07-23,2026-07-23T08:09:14.130364+09:00,全国紙,全国,中日新聞,精神障害を理由に傍聴制限する規定 岐阜県白川村教委「当時の通知を見落としていた」,https://www.chunichi.co.jp/article/1285085,https://www.chunichi.co.jp/,ok,,
2026-07-23,2026-07-23T08:09:14.130364+09:00,全国紙,全国,中日新聞,おいしいオスウナギ...それは「剛鰻」かも 「艶鰻」に対抗、エサ工夫しブランド化,https://www.chunichi.co.jp/article/1285071,https://www.chunichi.co.jp/,ok,,
2026-07-23,2026-07-23T08:09:14.130364+09:00,全国紙,全国,中日新聞,愛知県大治町で民家火災 焼け跡から2遺体,https://www.chunichi.co.jp/article/1285184,https://www.chunichi.co.jp/,ok,,
2026-07-23,2026-07-23T08:09:14.130364+09:00,全国紙,全国,中日新聞,アジア大会聖火採火式の一般観覧者募集開始 名古屋城で8月22日、第1走者は吉田沙保里さん,https://www.chunichi.co.jp/article/1285034,https://www.chunichi.co.jp/,ok,,
2026-07-23,2026-07-23T08:09:14.130364+09:00,全国紙,全国,中日新聞,副首都法案「成立なら間髪入れず手を挙げる」 大村知事が意欲,https://www.chunichi.co.jp/article/1285000,https://www.chunichi.co.jp/,ok,,
2026-07-23,2026-07-23T08:09:14.130364+09:00,全国紙,全国,中日新聞,奈良の死体遺棄事件、死亡時期は2月ごろ 死因特定には至らず,https://www.chunichi.co.jp/article/1285091,https://www.chunichi.co.jp/,ok,,
2026-07-23,2026-07-23T08:09:14.130364+09:00,全国紙,全国,中日新聞,◆中日2軍戦の詳細情報がバッチリわかる 7月22日『ソフトバンク-中日』のテーブルスコア【画像】,https://www.chunichi.co.jp/article/1285162,https://www.chunichi.co.jp/,ok,,
2026-07-23,2026-07-23T08:09:14.130364+09:00,全国紙,全国,中日新聞,「移民ビジネス」外国人の受け入れを巡る現実と課題,https://www.chunichi.co.jp/article/1233264,https://www.chunichi.co.jp/,ok,,
2026-07-23,2026-07-23T08:09:14.130364+09:00,全国紙,全国,中日新聞,【南山大&中日新聞ポッドキャスト企画】アメリカを考える~独立宣言から250年の大変動,https://www.chunichi.co.jp/article/1270383,https://www.chunichi.co.jp/,ok,,
2026-07-23,2026-07-23T08:09:14.130364+09:00,全国紙,全国,中日新聞,【第1部・外国人団地】共生を目指す外国人労働者の姿を描く,https://www.chunichi.co.jp/article/1237076,https://www.chunichi.co.jp/,ok,,
2026-07-23,2026-07-23T08:09:14.130364+09:00,全国紙,全国,中日新聞,読者が選んだグッとコラム大賞は...?,https://www.chunichi.co.jp/article/1230731,https://www.chunichi.co.jp/,ok,,
2026-07-23,2026-07-23T08:09:14.130364+09:00,全国紙,全国,中日新聞,【デジタル地図】南海トラフ巨大地震の想定震度マップ。あなたの地域の想定震度をチェック,https://www.chunichi.co.jp/article/1046009,https://www.chunichi.co.jp/,ok,,
2026-07-23,2026-07-23T08:09:14.130364+09:00,全国紙,全国,中日新聞,【動画】命の現場、ドクターカーに24時間密着 名古屋市立大学病院の救急災害医療センター,https://www.chunichi.co.jp/article/1282595,https://www.chunichi.co.jp/,ok,,
2026-07-23,2026-07-23T08:09:14.130364+09:00,全国紙,全国,中日新聞,【動画】伊勢神宮奉納花火8400発の大輪 全国の花火師が匠の技競う,https://www.chunichi.co.jp/article/1282982,https://www.chunichi.co.jp/,ok,,
2026-07-23,2026-07-23T08:09:14.130364+09:00,全国紙,全国,中日新聞,【動画】高山で「桜山風鈴まつり」 2千個の音色で涼を,https://www.chunichi.co.jp/article/1283178,https://www.chunichi.co.jp/,ok,,
2026-07-23,2026-07-23T08:09:14.130364+09:00,全国紙,全国,中日新聞,南知多町の観光農園でヒマワリが見頃 20万本の大輪がずらり,https://www.chunichi.co.jp/article/1283643,https://www.chunichi.co.jp/,ok,,
2026-07-23,2026-07-23T08:09:14.130364+09:00,地方紙,北海道,北海道新聞,,,,skipped,公式RSSはあるが、見出し・本文の公開(再配信)を認めない旨の規約があるため自動取得の対象外とする。,
2026-07-23,2026-07-23T08:09:14.130364+09:00,地方紙,宮城,河北新報,,,,skipped,robots.txtが/rss/をDisallowしておりRSS購読不可。私的利用限定・二次利用禁止の規約があるため自動取得の対象外とする。,
2026-07-23,2026-07-23T08:09:14.130364+09:00,地方紙,新潟,新潟日報,,,,skipped,利用規約でデータマイニング・テキストマイニング・AI学習目的の情報処理・解析利用を明示的に禁止しているため自動取得の対象外とする。,
2026-07-23,2026-07-23T08:09:14.130364+09:00,地方紙,長野,信濃毎日新聞,松本市の相沢東病院に移転新築計画 防災緑地との土地交換案 地元からは賛否07/23 06:05松本市本庄で相沢病院などを運営する社会医療法人財団「慈泉会」が、病院近くにある市所有の第二地区防災緑地と財団所有地の等価交換を住民に提案している。交換が実現すれば、主に高齢者医療を担う相沢東病院を移転新築する計画で、移転新築に合わせて病床数を20床増やす方針。住民からは...,https://www.shinmai.co.jp/news/article/gf01d9gak4jbbaif2vd4thug,https://www.shinmai.co.jp/,ok,,
2026-07-23,2026-07-23T08:09:14.130364+09:00,地方紙,長野,信濃毎日新聞,キャンプせずに地元で練習 AC長野は新シーズンへどう調整していたのか07/23 06:30,https://www.shinmai.co.jp/news/article/gf01d9g7qgtnt8tr77sf5hf0,https://www.shinmai.co.jp/,ok,,
2026-07-23,2026-07-23T08:09:14.130364+09:00,地方紙,長野,信濃毎日新聞,人気だったJAの桃直売所閉店 長野市川中島で福祉施設が販売に乗り出す07/23 06:04,https://www.shinmai.co.jp/news/article/gf01d9g76v3bbaif2vd4sd30,https://www.shinmai.co.jp/,ok,,
2026-07-23,2026-07-23T08:09:14.130364+09:00,地方紙,長野,信濃毎日新聞,長野県の企業関係M&A、最多43件 投資総額は122億円で大幅増 2026年上半期07/23 06:03,https://www.shinmai.co.jp/news/article/gf01d9g8ukdnt8tr77sf5vb0,https://www.shinmai.co.jp/,ok,,
2026-07-23,2026-07-23T08:09:14.130364+09:00,地方紙,長野,信濃毎日新聞,飯田市の商店街を代表する洋服店が今月閉店 廃業考えた父に長男は切り出した07/23 06:02,https://www.shinmai.co.jp/news/article/gf01d9g61qjbbaif2vd4s18g,https://www.shinmai.co.jp/,ok,,
2026-07-23,2026-07-23T08:09:14.130364+09:00,地方紙,長野,信濃毎日新聞,長野県知事選きょう23日告示 2陣営、県民の支持集める戦略どう描く07/23 06:01,https://www.shinmai.co.jp/news/article/gf01d9g8723bbaif2vd4snm0,https://www.shinmai.co.jp/,ok,,
2026-07-23,2026-07-23T08:09:14.130364+09:00,地方紙,長野,信濃毎日新聞,1おくやみ(7月23日付),https://www.shinmai.co.jp/news/article/gf01d9g9ul5nt8tr77sf6a40,https://www.shinmai.co.jp/,ok,,
2026-07-23,2026-07-23T08:09:14.130364+09:00,地方紙,長野,信濃毎日新聞,5何で生まれてきたんだろう...虐待した母を憎み流した涙 施設育ち、長野県の27歳に訪れた転機,https://www.shinmai.co.jp/news/article/gf01d9g24rbbbaif2vd4r7i0,https://www.shinmai.co.jp/,ok,,
2026-07-23,2026-07-23T08:09:14.130364+09:00,地方紙,長野,信濃毎日新聞,6【独自】セブン、不正転売横行か 人気キャラ商品発売前,https://www.shinmai.co.jp/news/article/gfkn2026072301000114,https://www.shinmai.co.jp/,ok,,
2026-07-23,2026-07-23T08:09:14.130364+09:00,地方紙,長野,信濃毎日新聞,8長野会場、30人が決勝ラウンドへ 長野県アマチュアゴルフ選手権2次予選【氏名とスコア付き】,https://www.shinmai.co.jp/news/article/gf01d9g9f45nt8tr77sf651g,https://www.shinmai.co.jp/,ok,,
2026-07-23,2026-07-23T08:09:14.130364+09:00,地方紙,長野,信濃毎日新聞,9「まっちゃん」の足跡を追って,https://www.shinmai.co.jp/news/article/gf01d9gbmkrbbaif2vd4tnbg,https://www.shinmai.co.jp/,ok,,
2026-07-23,2026-07-23T08:09:14.130364+09:00,地方紙,長野,信濃毎日新聞,10東京都市大塩尻の投手陣、因縁の相手・松本国際に力投【夏の高校野球・長野大会】,https://www.shinmai.co.jp/news/article/gf01d9gasg5nt8tr77sf6hpg,https://www.shinmai.co.jp/,ok,,
2026-07-23,2026-07-23T08:09:14.130364+09:00,地方紙,長野,信濃毎日新聞,【4コマ】「長野県民の海」で運命の出会い!?【ここがわからんばい!信州】長野県主要くらし・話題ウェブオリジナルここがわからんばい!信州07/21 11:30,https://www.shinmai.co.jp/news/article/gf01d9fbqjjbbaif2vd4nbu0,https://www.shinmai.co.jp/,ok,,
2026-07-23,2026-07-23T08:09:14.130364+09:00,地方紙,長野,信濃毎日新聞,暑すぎる夏に新たな呼称が誕生 40度以上の「酷暑日」にどう対応するか長野県社会気象・災害ウェブオリジナルイブニング信毎語る@信州長野地方気象台07/21 06:02,https://www.shinmai.co.jp/news/article/gf01d9bo84jbbaif2vd47bf0,https://www.shinmai.co.jp/,ok,,
2026-07-23,2026-07-23T08:09:14.130364+09:00,地方紙,長野,信濃毎日新聞,信州山レポート 山岳情報ぎゅっとお届け長野県社会安全登山・遭難信州の山ウェブオリジナル07/20 15:45,https://www.shinmai.co.jp/news/article/SHEX2026071400004787,https://www.shinmai.co.jp/,ok,,
2026-07-23,2026-07-23T08:09:14.130364+09:00,地方紙,長野,信濃毎日新聞,入山者であふれる夏の上高地 登山ガイドが教える現地で困らない役立ちアイテム長野県社会信州の山ウェブオリジナルイブニング信毎北アルプス小谷村タカシが行く松本市07/20 08:00,https://www.shinmai.co.jp/news/article/gf01d9eb9jtnt8tr77sesqvg,https://www.shinmai.co.jp/,ok,,
2026-07-23,2026-07-23T08:09:14.130364+09:00,地方紙,長野,信濃毎日新聞,10億円の握手と少しのウソ 父から初めて手紙をもらった30年後に長野県主要くらし・話題ウェブオリジナルイブニング信毎朝日新聞コラボ「いつも、どこかで」07/17 17:00,https://www.shinmai.co.jp/news/article/gf01d9a5q7f170m5r355160g,https://www.shinmai.co.jp/,ok,,
2026-07-23,2026-07-23T08:09:14.130364+09:00,地方紙,長野,信濃毎日新聞,北アルプス焼岳の京大観測が来年3月で終了か 新たな成果出しているのになぜ? 火山防災のあるべき姿とは〈山と人と信州と〉長野県社会主要信州の山ウェブオリジナル山と人と信州と北アルプス07/17 06:04,https://www.shinmai.co.jp/news/article/gf01d9c5n8tnt8tr77sei8eg,https://www.shinmai.co.jp/,ok,,
2026-07-23,2026-07-23T08:09:14.130364+09:00,地方紙,長野,信濃毎日新聞,アニメで考えるVol.9 転スラと「AI 」長野県くらし・話題イブニング信毎ウェブオリジナルコラム「硬面軟面」07/16 06:05,https://www.shinmai.co.jp/news/article/gf01d92e5mcp59hf39a8hfl0,https://www.shinmai.co.jp/,ok,,
2026-07-23,2026-07-23T08:09:14.130364+09:00,地方紙,静岡,静岡新聞,,,https://www.at-s.com/,error,405 Client Error: Not Allowed for url: https://www.at-s.com/,
2026-07-23,2026-07-23T08:09:14.130364+09:00,地方紙,京都,京都新聞,人事異動ポータル,https://www.kyoto-np.co.jp/articles/-/1250583,https://www.kyoto-np.co.jp/,ok,,
2026-07-23,2026-07-23T08:09:14.130364+09:00,地方紙,京都,京都新聞,速報フーシ派がサウジタンカー2隻に軍事作戦,https://www.kyoto-np.co.jp/articles/-/1756659,https://www.kyoto-np.co.jp/,ok,,
2026-07-23,2026-07-23T08:09:14.130364+09:00,地方紙,京都,京都新聞,京都と大阪の京阪電車の駅に気になる「謎のコンビニ」正体調べると...「変な品ぞろえ」で大成功していた!5:00地域京都や大阪にある京阪電車の駅ナカや改札前に、やまぶき色の看板を掲げ、店の外まであふれんばかりのスイーツが並び、弁当や惣菜を販売している店が...,https://www.kyoto-np.co.jp/articles/-/1755371,https://www.kyoto-np.co.jp/,ok,,
2026-07-23,2026-07-23T08:09:14.130364+09:00,地方紙,京都,京都新聞,北陸新幹線「小浜・京都ルート」建設で浮上した貸付料の増額とは 京都府・京都市の財政負担はどうなる4:52市内整備新幹線でJRが支払う「貸付料」は、北陸新幹線敦賀(福井県)―新大阪間延伸計画で焦点の一つ「地方負担の軽減」の議論に欠かせない要素となっ...,https://www.kyoto-np.co.jp/articles/-/1756474,https://www.kyoto-np.co.jp/,ok,,
2026-07-23,2026-07-23T08:09:14.130364+09:00,地方紙,京都,京都新聞,京都府向日市の駅近くに「塩漬け道路」 完成しているのに通れない「ある事情」 背景に駅東口の開発も5:00地域京都府向日市のJR向日町駅近くに、完成しているのに2年半近く通れないままの道路があり、通行人から「なぜこの道路だけ塩漬けなのか」と疑問の声...,https://www.kyoto-np.co.jp/articles/-/1755379,https://www.kyoto-np.co.jp/,ok,,
2026-07-23,2026-07-23T08:09:14.130364+09:00,地方紙,京都,京都新聞,京都市の大手スーパーや生協が「消費税1%」を手放しで喜べない理由 受け止め複雑「経営負担大きい」4:40地域政府・与党が来春から2年間限定で飲食料品の消費税減税の実施を目指す方針を巡り、京都や滋賀の関連業者に動揺が広がっている。スーパーなど小売店...,https://www.kyoto-np.co.jp/articles/-/1756453,https://www.kyoto-np.co.jp/,ok,,
2026-07-23,2026-07-23T08:09:14.130364+09:00,地方紙,京都,京都新聞,滋賀県が野洲市に開校する「高専」で何が学べる? 具体化してきたコースやカリキュラムは5:12地域滋賀県が2028年春に野洲市で開校を予定する県立高等専門学校(高専)について、人材育成方針やカリキュラムが具体化してきた。少人数のクラス編...,https://www.kyoto-np.co.jp/articles/-/1756290,https://www.kyoto-np.co.jp/,ok,,
2026-07-23,2026-07-23T08:09:14.130364+09:00,地方紙,京都,京都新聞,大阪中心部「無料の絶景スポット」が2つ誕生して話題 夏のプチお出かけにぴったり?駅すぐで利便性上々5:30地域大阪市中心部に、「無料」で楽しめるスポットが隣り合うような形で2つ誕生し、話題となっている。物価高騰の折、無料の響きがお出かけ心をくすぐる...,https://www.kyoto-np.co.jp/articles/-/1755528,https://www.kyoto-np.co.jp/,ok,,
2026-07-23,2026-07-23T08:09:14.130364+09:00,地方紙,京都,京都新聞,滋賀県が「県立高専」を新設する背景は 「日本一のものづくり県」支えられるか5:22滋賀滋賀県が湖国初の高等専門学校を新設する背景には、理工系人材の深刻な人手不足がある。 県内は自動車や電子部品などの大規模な生産拠点が多く立地...,https://www.kyoto-np.co.jp/articles/-/1756291,https://www.kyoto-np.co.jp/,ok,,
2026-07-23,2026-07-23T08:09:14.130364+09:00,地方紙,京都,京都新聞,【1997年夏の全国高校野球京都大会】大江高校や洛北高校など公立の健闘目立つ 決勝は古豪対決に4:45,https://www.kyoto-np.co.jp/articles/-/1752357,https://www.kyoto-np.co.jp/,ok,,
2026-07-23,2026-07-23T08:09:14.130364+09:00,地方紙,京都,京都新聞,JR京都線・桂川駅に北陸新幹線の駅できれば「駅広場の整備も」 JR西日本社長、まちづくりに協力意向7月22日市内,https://www.kyoto-np.co.jp/articles/-/1756387,https://www.kyoto-np.co.jp/,ok,,
2026-07-23,2026-07-23T08:09:14.130364+09:00,地方紙,京都,京都新聞,京都仏教会の請願、全会派・全会一致の採択の意味とは? 北陸新幹線「拙速な推進認めず」与党にくぎ7月22日市内,https://www.kyoto-np.co.jp/articles/-/1755764,https://www.kyoto-np.co.jp/,ok,,
2026-07-23,2026-07-23T08:09:14.130364+09:00,地方紙,京都,京都新聞,京都府の公立中学校で内申点「実技2倍」はありなのか 京都大学名誉教授が考える評価のあるべき姿は7月22日京都,https://www.kyoto-np.co.jp/articles/-/1737954,https://www.kyoto-np.co.jp/,ok,,
2026-07-23,2026-07-23T08:09:14.130364+09:00,地方紙,京都,京都新聞,大阪の新興大学はなぜ入試問題を「関関同立」風に変えたのか 「早稲田、慶応」級目指す、研究弱い?課題も7月22日地域,https://www.kyoto-np.co.jp/articles/-/1746214,https://www.kyoto-np.co.jp/,ok,,
2026-07-23,2026-07-23T08:09:14.130364+09:00,地方紙,京都,京都新聞,【1996年夏の全国高校野球京都大会】「打高投低」の大会 北嵯峨高校や花園高校が1点を争う好ゲーム7月22日京都,https://www.kyoto-np.co.jp/articles/-/1752200,https://www.kyoto-np.co.jp/,ok,,
2026-07-23,2026-07-23T08:09:14.130364+09:00,地方紙,京都,京都新聞,全国の老舗企業が京都市内に続々進出、一体なぜ? キーワードは「敬意」と「共感」7月22日地域,https://www.kyoto-np.co.jp/articles/-/1755564,https://www.kyoto-np.co.jp/,ok,,
2026-07-23,2026-07-23T08:09:14.130364+09:00,地方紙,京都,京都新聞,【高校野球】夏の京都大会はいよいよ8強が激突 絶好調のバッター、ラッキーボーイはどのチームに?7月21日京都,https://www.kyoto-np.co.jp/articles/-/1755530,https://www.kyoto-np.co.jp/,ok,,
2026-07-23,2026-07-23T08:09:14.130364+09:00,地方紙,京都,京都新聞,京都の中小企業グループ「試作ネット」率いるのは元甲子園球児 「誰よりもフルスイングできる代表で」7月21日京都,https://www.kyoto-np.co.jp/articles/-/1753974,https://www.kyoto-np.co.jp/,ok,,
2026-07-23,2026-07-23T08:09:14.130364+09:00,地方紙,京都,京都新聞,高校野球 京都,https://www.kyoto-np.co.jp/articles/-/1746883,https://www.kyoto-np.co.jp/,ok,,
2026-07-23,2026-07-23T08:09:14.130364+09:00,地方紙,京都,京都新聞,高校野球 滋賀,https://www.kyoto-np.co.jp/articles/-/1747142,https://www.kyoto-np.co.jp/,ok,,
2026-07-23,2026-07-23T08:09:14.130364+09:00,地方紙,兵庫,神戸新聞,「中間」の意見学ぶ意識を SNSで根強い「マスコミ・既得権益」批判 立教大・木村忠正教授に聞く,https://www.kobe-np.co.jp/news/society/202607/0020622137.shtml,https://www.kobe-np.co.jp/,ok,,
2026-07-23,2026-07-23T08:09:14.130364+09:00,地方紙,兵庫,神戸新聞,学校健診で「要受診」、でも医療機関に行かず 兵庫の未受診率、全国平均上回る,https://www.kobe-np.co.jp/news/society/202607/0020622173.shtml,https://www.kobe-np.co.jp/,ok,,
2026-07-23,2026-07-23T08:09:14.130364+09:00,地方紙,兵庫,神戸新聞,歩道橋事故25年「風化させないよう、また来る」 現場で遺族ら献花、教訓の継承誓う,https://www.kobe-np.co.jp/news/akashi/202607/0020621206.shtml,https://www.kobe-np.co.jp/,ok,,
2026-07-23,2026-07-23T08:09:14.130364+09:00,地方紙,兵庫,神戸新聞,朝食にご飯、体に変化は? 「おいしいごはんを食べよう県民運動」活動事例発表会 神戸,https://www.kobe-np.co.jp/news/economy/202607/0020622338.shtml,https://www.kobe-np.co.jp/,ok,,
2026-07-23,2026-07-23T08:09:14.130364+09:00,地方紙,兵庫,神戸新聞,【組み合わせ表あり】県中学総体軟式野球 27~29日、8地区代表 淡路で熱戦,https://www.kobe-np.co.jp/news/sports/202607/0020622305.shtml,https://www.kobe-np.co.jp/,ok,,
2026-07-23,2026-07-23T08:09:14.130364+09:00,地方紙,兵庫,神戸新聞,井関弁護士に警察庁長官が一般人に贈る最高位表彰 被害者支援、四半世紀,https://www.kobe-np.co.jp/news/society/202607/0020622171.shtml,https://www.kobe-np.co.jp/,ok,,
2026-07-23,2026-07-23T08:09:14.130364+09:00,地方紙,兵庫,神戸新聞,<ひょうご企業ランキング>(1)給与 1千万円超は4社,https://www.kobe-np.co.jp/news/richa/202607/0020617112.shtml,https://www.kobe-np.co.jp/,ok,,
2026-07-23,2026-07-23T08:09:14.130364+09:00,地方紙,兵庫,神戸新聞,神戸市、学生対象の保育体験制度開始へ 人材確保へ体験機会提供,https://www.kobe-np.co.jp/news/society/202607/0020621038.shtml,https://www.kobe-np.co.jp/,ok,,
2026-07-23,2026-07-23T08:09:14.130364+09:00,地方紙,兵庫,神戸新聞,「全員の力でここまで」三田松聖4強ならず 高校野球兵庫大会,https://www.kobe-np.co.jp/news/sanda/202607/0020620820.shtml,https://www.kobe-np.co.jp/,ok,,
2026-07-23,2026-07-23T08:09:14.130364+09:00,地方紙,兵庫,神戸新聞,夏の熱戦、北播勢堂々 生徒や保護者から大きな声援 高校野球兵庫大会準々決勝,https://www.kobe-np.co.jp/news/hokuban/202607/0020621397.shtml,https://www.kobe-np.co.jp/,ok,,
2026-07-23,2026-07-23T08:09:14.130364+09:00,地方紙,兵庫,神戸新聞,兵庫県内のドクターヘリ、8月は3週間程度運航へ 「2パイロット制」全国初導入へ準備進む,https://www.kobe-np.co.jp/news/society/202607/0020621106.shtml,https://www.kobe-np.co.jp/,ok,,
2026-07-23,2026-07-23T08:09:14.130364+09:00,地方紙,兵庫,神戸新聞,だいだい色の大輪鮮やか,https://www.kobe-np.co.jp/news/society/202607/0020621703.shtml,https://www.kobe-np.co.jp/,ok,,
2026-07-23,2026-07-23T08:09:14.130364+09:00,地方紙,兵庫,神戸新聞,二足歩行ロボが職人技継承 鉄道設備、ホームの異変検知 産業基盤強化へ各社のAI活用最前線,https://www.kobe-np.co.jp/news/economy/202607/0020622646.shtml,https://www.kobe-np.co.jp/,ok,,
2026-07-23,2026-07-23T08:09:14.130364+09:00,地方紙,兵庫,神戸新聞,SNSで話題、米国発祥スポーツ「ピックルボール」 西宮の部活地域移行で注目 初心者もラリー楽しく,https://www.kobe-np.co.jp/news/hanshin/202607/0020575286.shtml,https://www.kobe-np.co.jp/,ok,,
2026-07-23,2026-07-23T08:09:14.130364+09:00,地方紙,兵庫,神戸新聞,神戸市垂水区の「危ない交差点」 住宅街につながる路地、鋭角で交差 高い急ブレーキ発生率,https://www.kobe-np.co.jp/news/richb/202607/0020617389.shtml,https://www.kobe-np.co.jp/,ok,,
2026-07-23,2026-07-23T08:09:14.130364+09:00,地方紙,兵庫,神戸新聞,<近日公開 7月のオススメ記事>王位戦、4コマ漫画「ねえ、ぴよちゃん」、高校野球兵庫大会...etc.,https://www.kobe-np.co.jp/news/richa/202606/0020513434.shtml,https://www.kobe-np.co.jp/,ok,,
2026-07-23,2026-07-23T08:09:14.130364+09:00,地方紙,兵庫,神戸新聞,南あわじ市と米セライナ市が姉妹都市30年 訪問団が来日、記念式典 渦潮、人形浄瑠璃など楽しむ,https://www.kobe-np.co.jp/news/awaji/202607/0020621244.shtml,https://www.kobe-np.co.jp/,ok,,
2026-07-23,2026-07-23T08:09:14.130364+09:00,地方紙,兵庫,神戸新聞,全国高校女子硬式野球 蒼開、3回戦で涙のむ クラーク仙台に惜敗,https://www.kobe-np.co.jp/news/awaji/202607/0020621247.shtml,https://www.kobe-np.co.jp/,ok,,
2026-07-23,2026-07-23T08:09:14.130364+09:00,地方紙,兵庫,神戸新聞,洲本実業・情報通信部と淡路三原・放送部 2高にソロプチ淡路賞,https://www.kobe-np.co.jp/news/awaji/202607/0020621249.shtml,https://www.kobe-np.co.jp/,ok,,
2026-07-23,2026-07-23T08:09:14.130364+09:00,地方紙,兵庫,神戸新聞,<言わずに死ねるか!! 聞き書き日本映画監督列伝>(10)風間大樹監督 心映す「目の演技」引き出す,https://www.kobe-np.co.jp/news/culture/202607/0020621957.shtml,https://www.kobe-np.co.jp/,ok,,
2026-07-23,2026-07-23T08:09:14.130364+09:00,地方紙,広島,中国新聞,,,,skipped,利用規約でAI開発目的のディープラーニング等の情報処理・解析利用を明示的に禁止しているため自動取得の対象外とする。,
2026-07-23,2026-07-23T08:09:14.130364+09:00,地方紙,福岡,西日本新聞,,,,skipped,公式RSSはあるが、利用規約でAI学習目的の情報処理・解析利用を明示的に禁止しているため自動取得の対象外とする。,
2026-07-23,2026-07-23T08:09:14.130364+09:00,地方紙,熊本,熊本日日新聞,◎整備新幹線の貸付料,https://kumanichi.com/articles/1981104,https://kumanichi.com/rss.xml,ok,,
2026-07-23,2026-07-23T08:09:14.130364+09:00,地方紙,熊本,熊本日日新聞,◎消費税,https://kumanichi.com/articles/1824904,https://kumanichi.com/rss.xml,ok,,
2026-07-23,2026-07-23T08:09:14.130364+09:00,地方紙,熊本,熊本日日新聞,◎iPS細胞,https://kumanichi.com/articles/1521091,https://kumanichi.com/rss.xml,ok,,
2026-07-23,2026-07-23T08:09:14.130364+09:00,地方紙,熊本,熊本日日新聞,◎貿易収支,https://kumanichi.com/articles/1428546,https://kumanichi.com/rss.xml,ok,,
2026-07-23,2026-07-23T08:09:14.130364+09:00,地方紙,熊本,熊本日日新聞,7/23朝,https://kumanichi.com/node/2016566,https://kumanichi.com/rss.xml,ok,,
2026-07-23,2026-07-23T08:09:14.130364+09:00,地方紙,熊本,熊本日日新聞,米サウジが原子力協定署名,https://kumanichi.com/articles/2016647,https://kumanichi.com/rss.xml,ok,,
2026-07-23,2026-07-23T08:09:14.130364+09:00,地方紙,熊本,熊本日日新聞,菅野、次回登板は25日,https://kumanichi.com/articles/2016664,https://kumanichi.com/rss.xml,ok,,
2026-07-23,2026-07-23T08:09:14.130364+09:00,地方紙,熊本,熊本日日新聞,フーシ派がサウジタンカー2隻に軍事作戦,https://kumanichi.com/articles/2016665,https://kumanichi.com/rss.xml,ok,,
2026-07-23,2026-07-23T08:09:14.130364+09:00,地方紙,熊本,熊本日日新聞,米グーグル、純利益4倍の18兆円,https://kumanichi.com/articles/2016661,https://kumanichi.com/rss.xml,ok,,
2026-07-23,2026-07-23T08:09:14.130364+09:00,地方紙,熊本,熊本日日新聞,米軍、12日連続のイラン攻撃開始,https://kumanichi.com/articles/2016660,https://kumanichi.com/rss.xml,ok,,
2026-07-23,2026-07-23T08:09:14.130364+09:00,地方紙,鹿児島,南日本新聞,きょう大暑 炎暑ゆらゆら「逃げ水」 鹿児島県内全域で真夏日を記録23日は一年の中で最も暑さが厳しい時季とされる二十四節気の一つ「大暑」。鹿児島県内は22日、広く高気圧に覆われて、気温が上がった。県内全域で30度以上の真夏日となり、鹿児島市下福元町や同市東開町では、強い日差しで遠くの路面がぬれたように揺らぐ「逃げ水」現象が見られた。 鹿児島地方気象台によると、奄美地方を含めた33の観測地点全てで30度を超えた。肝付町前田では36.8度まで気温が上がり、7月23日 07:00,https://373news.com/news/local/detail/236940/,https://373news.com/,ok,,
2026-07-23,2026-07-23T08:09:14.130364+09:00,地方紙,鹿児島,南日本新聞,所属の自衛隊基地からトロンボーンとピッコロ盗む... 窃盗容疑などで鹿屋市の自衛官を再逮捕7月23日 06:30,https://373news.com/news/local/detail/236942/,https://373news.com/,ok,,
2026-07-23,2026-07-23T08:09:14.130364+09:00,地方紙,鹿児島,南日本新聞,盗んだ高圧洗浄機をリサイクルショップに...建造物侵入と窃盗容疑で男を逮捕7月23日 06:30,https://373news.com/news/local/detail/236939/,https://373news.com/,ok,,
2026-07-23,2026-07-23T08:09:14.130364+09:00,地方紙,鹿児島,南日本新聞,海水浴客か 鹿児島市の磯海水浴場で男性死亡7月23日 06:00,https://373news.com/news/local/detail/236943/,https://373news.com/,ok,,
2026-07-23,2026-07-23T08:09:14.130364+09:00,地方紙,鹿児島,南日本新聞,鹿児島県内で熱中症疑い20人が搬送 鹿屋、肝付の男女2人重症7月23日 06:00,https://373news.com/news/local/detail/236941/,https://373news.com/,ok,,
2026-07-23,2026-07-23T08:09:14.130364+09:00,地方紙,鹿児島,南日本新聞,八代海の赤潮、着色域を確認 鹿児島県が調査「引き続き警戒を」7月23日 06:00,https://373news.com/news/local/detail/236938/,https://373news.com/,ok,,
2026-07-23,2026-07-23T08:09:14.130364+09:00,地方紙,鹿児島,南日本新聞,日本食研と鹿児島県庁が共同開発 「鹿児島さつま鍋つゆ」完成 8月1日発売7月23日 06:00,https://373news.com/news/local/detail/236937/,https://373news.com/,ok,,
2026-07-23,2026-07-23T08:09:14.130364+09:00,地方紙,鹿児島,南日本新聞,全国産廃団体トップに永田雄一氏(鹿児島市) 1万6000社加盟 九州から初7月23日 06:00,https://373news.com/news/local/detail/236936/,https://373news.com/,ok,,
2026-07-23,2026-07-23T08:09:14.130364+09:00,地方紙,鹿児島,南日本新聞,ミカンコミバエ上甑で25匹誘殺 「飛来した個体が産卵した可能性」 鹿児島県が初動防除を強化7月23日 06:00,https://373news.com/news/local/detail/236935/,https://373news.com/,ok,,
2026-07-23,2026-07-23T08:09:14.130364+09:00,地方紙,鹿児島,南日本新聞,1スポーツドリンクの飲み過ぎにリスク? 鹿児島の専門家が指摘する熱中症対策のポイント,https://373news.com/news/local/detail/236874/,https://373news.com/,ok,,
2026-07-23,2026-07-23T08:09:14.130364+09:00,地方紙,鹿児島,南日本新聞,2ワゴン車と乗用車が正面衝突、7人搬送...命に別条なし、鹿児島県曽於市,https://373news.com/news/local/detail/236896/,https://373news.com/,ok,,
2026-07-23,2026-07-23T08:09:14.130364+09:00,地方紙,鹿児島,南日本新聞,3長島町の「ひまわりの丘」今年もシーズン到来...長崎鼻灯台近くの計約10ヘクタールにヒマワリ100万本 ジャガイモ畑の緑肥と景観整備を兼ねて種まき,https://373news.com/news/local/detail/236730/,https://373news.com/,ok,,
2026-07-23,2026-07-23T08:09:14.130364+09:00,地方紙,鹿児島,南日本新聞,5指宿枕崎線 指宿-山川間の運行再開 JR九州...普通列車8本運休、2本遅延で約250人に影響,https://373news.com/news/local/detail/236891/,https://373news.com/,ok,,
2026-07-23,2026-07-23T08:09:14.130364+09:00,地方紙,鹿児島,南日本新聞,6下限運賃は上がったが客離れ深刻...福島の事故で注目集めた部活遠征、貸し切りバス業者はコストと安全の板挟み,https://373news.com/news/local/detail/236908/,https://373news.com/,ok,,
2026-07-23,2026-07-23T08:09:14.130364+09:00,地方紙,鹿児島,南日本新聞,7通報した本人が容疑者に――「侵入者捕まえた」男、覚醒剤使用の疑いで緊急逮捕 鹿児島中央署,https://373news.com/news/local/detail/236861/,https://373news.com/,ok,,
2026-07-23,2026-07-23T08:09:14.130364+09:00,地方紙,鹿児島,南日本新聞,8パチンコ台に置き忘れた財布、戻ったら消えていた...元アルバイト従業員逮捕――現金7万7000円とカード4枚、3万円相当の財布ごと盗んだ疑い 鹿児島県警薩摩川内署,https://373news.com/news/local/detail/236888/,https://373news.com/,ok,,
2026-07-23,2026-07-23T08:09:14.130364+09:00,地方紙,鹿児島,南日本新聞,9親の介護、6割が60代以上という現実...鹿児島県内は短期入所施設の休止も相次ぎ「介護疲れ」が深刻に,https://373news.com/news/local/detail/236855/,https://373news.com/,ok,,
2026-07-23,2026-07-23T08:09:14.130364+09:00,地方紙,鹿児島,南日本新聞,10建造物侵入容疑で男逮捕 霧島署,https://373news.com/news/local/detail/236824/,https://373news.com/,ok,,
2026-07-23,2026-07-23T08:09:14.130364+09:00,地方紙,鹿児島,南日本新聞,「さまざまなものが値上がりしているからありがたい。いつ届くのか」...鹿児島市の物価高対策5000円ギフトカード――問い合わせ1万1200件6月6日 17:00,https://373news.com/lineup/kotimina/detail/234776/,https://373news.com/,ok,,
2026-07-23,2026-07-23T08:09:14.130364+09:00,地方紙,鹿児島,南日本新聞,【独自】セブン、不正転売横行か 人気キャラ商品発売前7月23日 05:31,https://373news.com/news/national/detail/2026072301000114/,https://373news.com/,ok,,
2026-07-23,2026-07-23T08:09:14.130364+09:00,地方紙,沖縄,琉球新報,,,,skipped,利用規約で複製・複写・送信・頒布・蓄積・転載等を会社の承認なく行うことを広範に禁止しているため自動取得の対象外とする。,
2026-07-23,2026-07-23T08:09:14.130364+09:00,地方紙,沖縄,沖縄タイムス,米軍、旧駐機場使用を正当化 嘉手納基地の騒音軽減に逆行 「日米合意を順守」と主張7月23日 4:56米軍,https://www.okinawatimes.co.jp/articles/-/1886224,https://www.okinawatimes.co.jp/,ok,,
2026-07-23,2026-07-23T08:09:14.130364+09:00,地方紙,沖縄,沖縄タイムス,熱中症搬送、沖縄5.5倍に 全国は3.5倍 過半数が65歳以上 昨年7~9月と2008年同期の人数比5:01有料#熱中症,https://www.okinawatimes.co.jp/articles/-/1886225,https://www.okinawatimes.co.jp/,ok,,
2026-07-23,2026-07-23T08:09:14.130364+09:00,地方紙,沖縄,沖縄タイムス,”涼”を求めて水遊び きょう23日は二十四節気の一つ「大暑」5:06有料#大暑,https://www.okinawatimes.co.jp/articles/-/1886226,https://www.okinawatimes.co.jp/,ok,,
2026-07-23,2026-07-23T08:09:14.130364+09:00,地方紙,沖縄,沖縄タイムス,高市首相、秘書の陳述書提出 「記憶していない」と中傷動画作成への関与否定5:12有料#高市早苗,https://www.okinawatimes.co.jp/articles/-/1886227,https://www.okinawatimes.co.jp/,ok,,
2026-07-23,2026-07-23T08:09:14.130364+09:00,地方紙,沖縄,沖縄タイムス,[大弦小弦]「豊穣の海」に兵士降下 訓練の「日常化」へ危惧5:23有料#大弦小弦,https://www.okinawatimes.co.jp/articles/-/1886228,https://www.okinawatimes.co.jp/,ok,,
2026-07-23,2026-07-23T08:09:14.130364+09:00,地方紙,沖縄,沖縄タイムス,「在庫切れで返金したい」かばん通販サイト装い100万円詐欺容疑 中国籍44歳男を沖縄署が再逮捕23:41#事件・事故,https://www.okinawatimes.co.jp/articles/-/1886071,https://www.okinawatimes.co.jp/,ok,,
2026-07-23,2026-07-23T08:09:14.130364+09:00,地方紙,沖縄,沖縄タイムス,那覇の電柱に防災情報と企業広告 沖縄電力・沖電企業と那覇市が協定23:11有料#那覇市,https://www.okinawatimes.co.jp/articles/-/1886058,https://www.okinawatimes.co.jp/,ok,,
2026-07-23,2026-07-23T08:09:14.130364+09:00,地方紙,沖縄,沖縄タイムス,【県中学総体】テニス・卓球・バドミントンなど団体4競技でV校決まる21:25有料#県中学総体,https://www.okinawatimes.co.jp/articles/-/1886061,https://www.okinawatimes.co.jp/,ok,,
2026-07-23,2026-07-23T08:09:14.130364+09:00,地方紙,沖縄,沖縄タイムス,高級パイン「ゴールドバレル」、直売所に非会員農家の生産品 なぜ起きた?21:03有料#沖縄の経済,https://www.okinawatimes.co.jp/articles/-/1886041,https://www.okinawatimes.co.jp/,ok,,
2026-07-23,2026-07-23T08:09:14.130364+09:00,地方紙,沖縄,沖縄タイムス,那覇市と日本生命那覇支社が包括連携協定 健康増進や高齢者見守りで協力20:45有料#那覇市,https://www.okinawatimes.co.jp/articles/-/1886057,https://www.okinawatimes.co.jp/,ok,,
2026-07-23,2026-07-23T08:09:14.130364+09:00,地方紙,沖縄,沖縄タイムス,沖縄県、11事業者に経営革新計画の承認書を交付 那覇市や竹富町の企業など【一覧あり】18:28有料#沖縄の経済,https://www.okinawatimes.co.jp/articles/-/1885946,https://www.okinawatimes.co.jp/,ok,,
2026-07-23,2026-07-23T08:09:14.130364+09:00,地方紙,沖縄,沖縄タイムス,古謝玄太氏推薦は党本部か県本か 公明、正式決定できず 県本の代表「早く方針を発表したい」5:51有料#公明党,https://www.okinawatimes.co.jp/articles/-/1886252,https://www.okinawatimes.co.jp/,ok,,
2026-07-23,2026-07-23T08:09:14.130364+09:00,地方紙,沖縄,沖縄タイムス,「もう一度利用したい道の駅」許田が全国2位 グランプリでも5位 人気の理由とは?19:33有料#沖縄の経済,https://www.okinawatimes.co.jp/articles/-/1886005,https://www.okinawatimes.co.jp/,ok,,
2026-07-23,2026-07-23T08:09:14.130364+09:00,地方紙,沖縄,沖縄タイムス,沖縄の新築住宅 木造が過去最高シェアの50%超え その要因は?6:27有料#沖縄の経済,https://www.okinawatimes.co.jp/articles/-/1886173,https://www.okinawatimes.co.jp/,ok,,
2026-07-23,2026-07-23T08:09:14.130364+09:00,地方紙,沖縄,沖縄タイムス,[高江 変わる森 ヘリパッド着工10年](2) 森林伐採 次々と施設に 「訓練高度に」住民懸念 高江の基地機能強化4:00有料#社会・くらし,https://www.okinawatimes.co.jp/articles/-/1886238,https://www.okinawatimes.co.jp/,ok,,
2026-07-23,2026-07-23T08:09:14.130364+09:00,地方紙,沖縄,沖縄タイムス,国連でPFAS汚染訴え 2団体 基地集中の実態報告 否定する発言 議長が注意4:00有料#社会・くらし,https://www.okinawatimes.co.jp/articles/-/1886193,https://www.okinawatimes.co.jp/,ok,,
2026-07-23,2026-07-23T08:09:14.130364+09:00,地方紙,沖縄,沖縄タイムス,東恩納盛雄 さんがコメント(7月22日 19:45),https://www.okinawatimes.co.jp/articles/-/1884896,https://www.okinawatimes.co.jp/,ok,,
2026-07-23,2026-07-23T08:09:14.130364+09:00,地方紙,沖縄,沖縄タイムス,仲座健太 さんがコメント(7月22日 14:45),https://www.okinawatimes.co.jp/articles/-/1885190,https://www.okinawatimes.co.jp/,ok,,
